{
  "Artist": [
    {
      "Role": "Artist",
      "Name": "AKASH JADHAV",
      "Email": "akashramujadhav@gmail.com",
      "Art_Form": "Writing",
      "Contact_No": "7507347206",
      "Gender": "Male",
      "Address": "Pune",
      "Password": "12345",
      "C_Password": "12345",
      "Profile_Pic": "C:\\fakepath\\Alessandro-Pautasso-05.jpg",
      "id": 1
    }
  ],
  "User": [
    {
      "Role": "User",
      "Name": "Shashank Diwate",
      "Email": "shashankdiw@cybage.com",
      "Profession": "Devloper",
      "Contact_No": "9856412378",
      "Gender": "Male",
      "Address": "Amaravati",
      "Password": "12345",
      "C_Password": "12345",
      "Profile_Pic": "C:\\fakepath\\Balalaika-785x523.webp",
      "id": 1
    },
    {
      "Role": "User",
      "Name": "Durvesh",
      "Email": "durvesh@gmail.com",
      "Profession": "Devloper",
      "Contact_No": "7412369852",
      "Gender": "Female",
      "Address": "Nager",
      "Password": "12345",
      "C_Password": "12345",
      "Profile_Pic": "C:\\fakepath\\Didgeridoo-785x523.webp",
      "id": 2
    }
  ]
}